Angel,bonser@gmail.com
Mackenzie,lifestile@msn.com
Mya,lightsoul@gmail.com
Chase,pitfighter@hotmail.com
Jackson,nogood87@yahoo.com
Anthony,kidrock@msn.com
Anthony,dirtbill@yahoo.com
Sydney,lifestile@msn.com
Layla,john@hotmail.com
Jake,flyman@gmail.com
crazyfrog,friend35@hotmail.com
Angel,thebest@hotmail.com
Sean,lightsoul@gmail.com
Isaac,pitfighter@hotmail.com
Aiden,freelife@yahoo.com
Xavier,lifestile@msn.com
Lillian,friend35@hotmail.com
Angel,friend35@hotmail.com
Sofia,fifa55@yahoo.com
David,gobiz@gmail.com
Morgan,deadman@gmail.com
Thomas,heyjew@msn.com
Serenity,freeman@hotmail.com
Lucas,lightsoul@gmail.com
coolman,fifa55@yahoo.com
Emily,freelife@yahoo.com
Eli,flyman@gmail.com
heyjew,cooler111@yahoo.com
Caroline,lightsoul@gmail.com
Rebecca,greenwood@webtown.com
Jack,heyjew@msn.com
Olivia,lightsoul@gmail.com
Cameron,lightsoul@gmail.com
Valeria,getjoy@msn.com
Leslie,incomeppc@hotmail.com
Tyler,quaker@yahoo.com
John,deadman@gmail.com
Amelia,steep777@yahoo.com
Michelle,goodboy@yahoo.com
Natalie,eblanned@yahoo.com
Ava,crazyfrog@hotmail.com
Nathaniel,getjoy@msn.com
Cole,coco888@msn.com
Payton,quaker@yahoo.com
Alyssa,coolman@msn.com
nogood87,coco888@msn.com
Layla,cooler111@yahoo.com
Matthew,friend35@hotmail.com
Khloe,thebest@hotmail.com
Aiden,razer22@yahoo.com
